driverId,name,ssn,location,certified,wage-plan
10,Erin Ward,862-96-6025,"478 Martinez Curve Apt. 543
Brianfurt, WV 95691",N,miles
11,Leslie Owens,457-13-9229,"USNV Horton
FPO AP 44430",N,miles
12,Joseph Brown,737-03-3028,"055 Shannon Vista Apt. 151
New Franktown, AL 02206",N,miles
13,Kyle Dixon,545-74-9676,"35270 Hudson Ports Apt. 420
Wellsland, NH 55462",N,hours
14,Stephanie Villarreal,625-20-0148,"36006 Garcia Haven Suite 479
Wellsport, AZ 64044",N,miles
15,Kelly Green,138-59-2486,"80026 Kevin Harbor
North Juliebury, CO 43205",Y,hours
16,Diane Ramirez,729-80-9421,"7061 Matthews Ports Apt. 808
Gibsonfort, VT 24474",N,miles
17,James Ferguson,839-59-2269,"078 Young Lake Suite 810
Barbarabury, PR 09730",N,miles
18,Angela Blackburn,522-10-1677,"0456 Melissa Creek
Matthewshire, MT 62736",Y,miles
19,Robert Fisher,473-42-3464,"489 Brown Harbors Suite 704
North Josephside, CO 15680",Y,hours
20,Timothy Simmons,461-54-9185,"1479 Edwards Rest
Larrystad, KY 59587",N,miles
21,Mary Gonzales,556-72-9705,"523 Dorothy Knoll Suite 314
Sarahchester, VI 12674",N,hours
22,Sandra Harper,890-56-2073,"7701 Stevens Forges
Christianchester, NC 00602",N,hours
23,Derrick Martinez,561-82-5825,"USCGC Knapp
FPO AA 60447",N,hours
24,Anthony Collier,819-51-6084,"0933 Snyder Neck Suite 501
Olsonmouth, MN 16774",N,hours
25,Dr. Eric Acevedo,118-86-9064,"59790 Chad Pine Apt. 255
Amberberg, TN 35739",Y,miles
26,Javier Romero,381-03-1019,"4416 Denise Key Suite 974
Kathleenton, AS 31389",Y,hours
27,Kaitlin Bates,740-43-7366,"PSC 3414, Box 8075
APO AA 23080",Y,hours
28,Jacqueline Love,849-13-6281,"5311 Liu Junction Apt. 178
East Isaacberg, OK 95879",N,hours
29,Robert Mendoza,342-99-4396,"00450 Colleen Underpass
Matthewborough, FL 83286",N,hours
30,William Henry,674-96-3007,"6139 Megan Fort
Sharpton, MH 82636",Y,miles
31,Alisha Brown,460-91-5307,"57605 Morgan Terrace Suite 817
Kennethville, GU 70550",N,hours
32,Robert Tapia,359-03-1518,"264 Ramirez Freeway Apt. 889
Rossfort, SD 84222",N,hours
33,Henry Graham,087-27-1507,"7369 Smith Hollow Suite 483
West Jorgebury, ND 82069",N,miles
34,Tammy Smith,350-53-5473,"1804 Lisa Rest
East Rachel, OR 44925",Y,hours
35,Melissa Rivera,801-88-6600,"6661 Sherry Overpass Suite 934
Port Kevinport, IL 01104",Y,hours
36,David Carlson,489-81-3229,"98161 Thomas Mall Apt. 476
Mallorychester, WV 05718",Y,hours
37,David Butler,603-68-5083,"72733 Jones Fall
Rayburgh, AL 53140",N,hours
38,Evan Mason,289-31-6643,"8943 John Trace Apt. 700
East Kimberly, AS 03391",Y,miles
39,Jodi Carter,124-76-1787,"6655 Adrian Way
West Gabriela, CA 49379",Y,hours
40,Jennifer Coffey,751-97-3205,"004 Horton Gardens
East Jeffreyfort, OR 75253",N,miles
41,James Greene,593-24-5248,"0469 White Summit
Jamesside, LA 51093",N,hours
42,Jillian Stephens,561-88-4675,"524 Charles Spurs
South Matthewview, AZ 70361",Y,miles
43,Kathy Stewart,834-16-1096,"5017 Brown Junctions Apt. 695
Port Davidborough, FL 90686",N,miles
44,Amy Berry,274-37-7842,"41129 Jones Path
Lake Luis, AZ 47998",N,hours
45,Jordan Davis,871-06-8632,"94555 Wallace Gateway Suite 401
Mcmahonburgh, VI 56829",Y,miles
46,Kenneth Graves,437-18-6374,"Unit 2061 Box 7454
DPO AP 81804",N,miles
47,Luke Ramos,883-84-8286,"13586 Williams Glen
East Christianmouth, MA 10836",Y,miles
48,Stephanie Riley,618-12-2846,"197 Stephanie Keys
Gutierrezburgh, WY 26309",Y,miles
49,Brad Davis,665-39-0837,"5110 Danny Course
North Ryan, WI 68813",Y,miles
50,Jacqueline Mills MD,450-39-7936,"USNS Thomas
FPO AP 33311",N,hours
51,Robert Zimmerman,395-76-1432,"32000 Tim Square Apt. 351
East Michaelberg, LA 88027",Y,miles
52,Ann Proctor,018-65-0384,"476 Nguyen Mews
West Katherinebury, AZ 69031",Y,miles
53,Valerie Gibson,886-66-0878,"3368 Tonya Club Apt. 362
Larsonchester, NV 07180",N,miles
54,Daniel Norman,437-12-7354,"6414 Nelson Springs Apt. 229
West Rebecca, MI 77711",Y,miles
55,Stephanie Chase,370-31-1794,"PSC 1879, Box 4146
APO AA 21304",Y,miles
56,Jordan Rasmussen,421-99-3037,"90296 Robert Islands Apt. 513
Hubbardmouth, GU 63771",Y,miles
57,Joshua Farley,754-68-5021,"Unit 8789 Box 3551
DPO AA 68479",Y,miles
58,Susan Davis,326-40-9179,"6064 Stephanie Park
Lake Denise, AL 21066",Y,hours
59,Tyler Jordan,046-82-4331,"912 Nelson Fort
South Tamarafort, NM 03050",N,miles
60,Andrea Schneider,040-07-2003,"USNS Simmons
FPO AA 35818",Y,miles
61,Amy Hall,741-33-1847,"3265 Michael Forges Apt. 111
Patriciastad, VT 97686",N,hours
62,Jennifer Carpenter,002-70-3194,"5081 Scott Club
North Brandon, MD 89946",Y,hours
63,Jillian Sims,284-64-4747,"876 Pruitt Lodge
Moralesfort, MP 75057",N,hours
64,Toni Murphy,189-59-2209,"2445 Victoria Island Apt. 683
North Zacharytown, WA 06689",Y,hours
65,John Maldonado,763-50-5479,"18844 Ariana Estates Apt. 681
South Cynthiashire, MO 67499",N,miles
66,Mark Turner,838-64-6530,"4982 Collins Falls
Lake Crystalfurt, AR 70013",N,hours
67,Amanda Horton,059-66-3920,"8391 Austin Mount Apt. 220
Armstrongton, AS 41853",N,miles
68,Joshua Kaiser,062-13-1814,"64415 Jasmin Landing Apt. 135
East Larryshire, GU 11510",Y,hours
69,Denise West,227-44-7769,"98274 Jimenez Station Apt. 485
East Kimberlyland, FL 86028",N,hours
70,Carrie Lopez,825-05-8910,"09930 Andrea Lights Apt. 084
Smithhaven, NJ 62312",Y,hours
71,Jason Silva,857-94-7455,"10820 Adam Views Suite 329
Thomasmouth, AK 01840",Y,miles
72,Mary Nelson,240-69-0097,"372 Kimberly Walks
East Angelica, VA 38045",Y,hours
73,Bryce Petersen,825-70-1051,"6032 Catherine Stream Apt. 036
Jamieland, NE 37546",N,miles
74,Elizabeth Dunn,792-13-9103,"13939 Luna Camp
Port Jennifer, CO 94174",Y,hours
75,Charles Ortiz,452-82-9057,"USNS Patel
FPO AP 15063",Y,hours
76,Carl Davidson,010-89-8225,"0381 Lee Cliffs
Martinmouth, RI 50885",N,hours
77,Bridget Kane,888-33-2102,"4612 Cuevas Coves Suite 645
Lake Nicholas, NJ 54210",N,miles
78,Samantha Rojas,016-32-5539,"Unit 8619 Box 1934
DPO AE 27912",N,miles
79,David Reynolds,329-61-4892,"53888 Neal Springs Suite 912
Mcclurestad, NY 27206",N,miles
80,Joshua Beasley,436-47-8346,"864 Lisa Common Apt. 352
Hernandezberg, PR 07549",Y,hours
81,Joseph Gamble,887-70-1679,"07451 Duane Oval
Jacksonport, GA 23006",Y,miles
82,Roger Harrison,669-97-9370,"94147 Russell Mountains
Monicaburgh, IL 70501",Y,miles
83,Jennifer Williams,880-99-9160,"396 Rodriguez Mount
East James, AR 89098",Y,miles
84,Laurie Martin,306-67-2024,"5086 Jessica Divide Suite 968
West Kimberly, IL 89279",Y,miles
85,James Jackson,578-77-0251,"96088 Jon Valleys Apt. 673
Loganville, ND 13471",N,miles
86,Isaiah Wade,226-46-8546,"112 Taylor Valley
West Tammy, OR 22572",Y,hours
87,Sarah Long,523-53-1555,"53060 Arnold Views
Michaelland, WI 30335",Y,miles
88,Mark Williams,268-23-3913,"0998 Barber Spring
Bryanview, WI 31566",Y,miles
89,Kimberly Dixon,783-92-3801,"2673 Navarro Ranch
Ramseyside, CO 32625",Y,miles
90,Kathy Schneider,823-16-6520,"04904 Luis Rapid
East Thomasmouth, GA 06638",Y,miles
91,Donna Wood,699-43-7431,"040 Parker Landing Apt. 727
Johnview, AS 79162",N,miles
92,Benjamin Boyd,057-02-2682,"Unit 6154 Box 3272
DPO AP 92065",Y,miles
93,Barbara Valencia,779-80-8843,"158 Briggs Wells Suite 839
Nealfurt, RI 04566",N,miles
94,Bobby Peterson,618-84-8049,"0769 Graham Harbor Apt. 862
West Stephanie, SC 87257",Y,hours
95,Justin Villegas,640-16-5390,"86175 Michael Glens Apt. 502
Gibsonton, GA 32813",N,hours
96,Suzanne Wilson,073-75-3229,"549 David Brook
Sallymouth, AL 42735",N,hours
97,Lisa Nelson,482-80-4778,"42169 Simpson Ranch Apt. 273
South Thomas, GA 58915",Y,miles
98,Marcus Green,040-67-8070,"3032 Mary Cove Suite 080
South Scott, PA 69422",N,miles
99,Angelica Wallace,584-13-1842,"857 Tabitha Ville Apt. 439
South Christine, DE 11260",N,hours
100,Alicia Pierce,582-59-0266,"6323 Michael Drive
Carolmouth, NV 05514",N,hours
101,Gary Lee,192-07-3638,"40881 Alvarez Island Apt. 587
Angelaport, NE 76268",Y,hours
102,David Garrett,659-95-1871,"23203 David Drives
Kevinbury, MD 91567",N,hours
103,Robert Nelson,162-04-2669,"5531 Danielle Bypass Suite 092
Lanceburgh, ND 75759",N,hours
104,Jennifer Taylor,688-16-2586,"8976 Wilson Stravenue Suite 487
East Steventon, FM 08242",N,hours
105,Erin Schwartz,264-57-8037,"2845 Nancy Cove Suite 985
New Katiestad, WY 69583",Y,hours
106,Connie Gibson,421-75-5851,"673 Brooke Street Apt. 890
Port Amy, WA 47370",Y,hours
107,Anne Valdez,402-75-6145,"2267 Frye Meadows Apt. 532
Larsonmouth, OH 28199",N,miles
108,Brandon Castaneda,876-42-1723,"9122 Jessica Place
East Dawn, MD 43567",Y,miles
109,Craig Delgado,017-35-3752,"PSC 1763, Box 8876
APO AE 79391",Y,miles
